File_ID,System_ID,cell_id,file_name,extension,folder,file_size_MB,file_path
1,58.0,133.0,Na_3xFormcycle_133_channel_1.hdf5,hdf5,C20Form 3xFormcycle,23.36,/Users/pranavdevkar/Downloads/Na_upscaling_extracted/Na-upscaling/C20Form 3xFormcycle/Na_3xFormcycle_133_channel_1.hdf5
2,59.0,134.0,Na_3xFormcycle_134_channel_6.hdf5,hdf5,C20Form 3xFormcycle,43.09,/Users/pranavdevkar/Downloads/Na_upscaling_extracted/Na-upscaling/C20Form 3xFormcycle/Na_3xFormcycle_134_channel_6.hdf5
3,60.0,135.0,Na_3xFormcycle_135_channel_14.hdf5,hdf5,C20Form 3xFormcycle,24.2,/Users/pranavdevkar/Downloads/Na_upscaling_extracted/Na-upscaling/C20Form 3xFormcycle/Na_3xFormcycle_135_channel_14.hdf5
4,61.0,137.0,Na_3xFormcycle_137_channel_16.hdf5,hdf5,C20Form 3xFormcycle,30.98,/Users/pranavdevkar/Downloads/Na_upscaling_extracted/Na-upscaling/C20Form 3xFormcycle/Na_3xFormcycle_137_channel_16.hdf5
5,43.0,67.0,Na_3xFormcycle_67_channel_26.hdf5,hdf5,C20Form 3xFormcycle,118.25,/Users/pranavdevkar/Downloads/Na_upscaling_extracted/Na-upscaling/C20Form 3xFormcycle/Na_3xFormcycle_67_channel_26.hdf5
6,46.0,70.0,Na_3xFormcycle_70_channel_23.hdf5,hdf5,C20Form 3xFormcycle,103.75,/Users/pranavdevkar/Downloads/Na_upscaling_extracted/Na-upscaling/C20Form 3xFormcycle/Na_3xFormcycle_70_channel_23.hdf5
7,60.0,135.0,test_14_cell135_3xC20Form_23-03-13_Channel_14_Wb_1.CSV,csv,test_14_cell135_3xC20Form_23-03-13_2023_03_13_173930,30.67,/Users/pranavdevkar/Downloads/Na_upscaling_extracted/Na-upscaling/C20Form 3xFormcycle/test_14_cell135_3xC20Form_23-03-13_2023_03_13_173930/test_14_cell135_3xC20Form_23-03-13_Channel_14_Wb_1.CSV
8,61.0,137.0,test_16_cell137_3xC20Form_23-03-13_Channel_16_Wb_1.CSV,csv,test_16_cell137_3xC20Form_23-03-13_2023_03_13_173957,39.98,/Users/pranavdevkar/Downloads/Na_upscaling_extracted/Na-upscaling/C20Form 3xFormcycle/test_16_cell137_3xC20Form_23-03-13_2023_03_13_173957/test_16_cell137_3xC20Form_23-03-13_Channel_16_Wb_1.CSV
9,58.0,133.0,test_1_cell133_3xC20Form_23-03-13_Channel_1_Wb_1.CSV,csv,test_1_cell133_3xC20Form_23-03-13_2023_03_13_173901,29.5,/Users/pranavdevkar/Downloads/Na_upscaling_extracted/Na-upscaling/C20Form 3xFormcycle/test_1_cell133_3xC20Form_23-03-13_2023_03_13_173901/test_1_cell133_3xC20Form_23-03-13_Channel_1_Wb_1.CSV
10,46.0,70.0,test_23_cell70_3xC20Form_23-03-02_Channel_23_Wb_1.CSV,csv,test_23_cell70_3xC20Form_23-03-02_2023_03_02_150851,114.99,/Users/pranavdevkar/Downloads/Na_upscaling_extracted/Na-upscaling/C20Form 3xFormcycle/test_23_cell70_3xC20Form_23-03-02_2023_03_02_150851/test_23_cell70_3xC20Form_23-03-02_Channel_23_Wb_1.CSV
11,46.0,70.0,test_23_cell70_3xC20Form_23-03-02_Channel_23_Wb_2.CSV,csv,test_23_cell70_3xC20Form_23-03-02_2023_03_02_150851,25.78,/Users/pranavdevkar/Downloads/Na_upscaling_extracted/Na-upscaling/C20Form 3xFormcycle/test_23_cell70_3xC20Form_23-03-02_2023_03_02_150851/test_23_cell70_3xC20Form_23-03-02_Channel_23_Wb_2.CSV
12,43.0,67.0,test_26_cell67_3xC20Form_23-03-02_Channel_26_Wb_1.CSV,csv,test_26_cell67_3xC20Form_23-03-02_2023_03_02_160555,114.97,/Users/pranavdevkar/Downloads/Na_upscaling_extracted/Na-upscaling/C20Form 3xFormcycle/test_26_cell67_3xC20Form_23-03-02_2023_03_02_160555/test_26_cell67_3xC20Form_23-03-02_Channel_26_Wb_1.CSV
13,43.0,67.0,test_26_cell67_3xC20Form_23-03-02_Channel_26_Wb_2.CSV,csv,test_26_cell67_3xC20Form_23-03-02_2023_03_02_160555,46.18,/Users/pranavdevkar/Downloads/Na_upscaling_extracted/Na-upscaling/C20Form 3xFormcycle/test_26_cell67_3xC20Form_23-03-02_2023_03_02_160555/test_26_cell67_3xC20Form_23-03-02_Channel_26_Wb_2.CSV
14,59.0,134.0,test_6_cell134_3xC20Form_23-03-13_Channel_6_Wb_1.CSV,csv,test_6_cell134_3xC20Form_23-03-13_2023_03_13_173914,56.59,/Users/pranavdevkar/Downloads/Na_upscaling_extracted/Na-upscaling/C20Form 3xFormcycle/test_6_cell134_3xC20Form_23-03-13_2023_03_13_173914/test_6_cell134_3xC20Form_23-03-13_Channel_6_Wb_1.CSV
15,6.0,10.0,Na_FormC20_cell_10_channel_31.hdf5,hdf5,C20Form,17.78,/Users/pranavdevkar/Downloads/Na_upscaling_extracted/Na-upscaling/C20Form/Na_FormC20_cell_10_channel_31.hdf5
16,8.0,12.0,Na_FormC20_cell_12_channel_30.hdf5,hdf5,C20Form,16.64,/Users/pranavdevkar/Downloads/Na_upscaling_extracted/Na-upscaling/C20Form/Na_FormC20_cell_12_channel_30.hdf5
17,9.0,14.0,Na_FormC20_cell_14_channel_32.hdf5,hdf5,C20Form,15.38,/Users/pranavdevkar/Downloads/Na_upscaling_extracted/Na-upscaling/C20Form/Na_FormC20_cell_14_channel_32.hdf5
18,10.0,16.0,Na_FormC20_cell_16_channel_38.hdf5,hdf5,C20Form,23.94,/Users/pranavdevkar/Downloads/Na_upscaling_extracted/Na-upscaling/C20Form/Na_FormC20_cell_16_channel_38.hdf5
19,12.0,18.0,Na_FormC20_cell_18_channel_26.hdf5,hdf5,C20Form,14.51,/Users/pranavdevkar/Downloads/Na_upscaling_extracted/Na-upscaling/C20Form/Na_FormC20_cell_18_channel_26.hdf5
20,13.0,19.0,Na_FormC20_cell_19_channel_33.hdf5,hdf5,C20Form,36.08,/Users/pranavdevkar/Downloads/Na_upscaling_extracted/Na-upscaling/C20Form/Na_FormC20_cell_19_channel_33.hdf5
21,14.0,21.0,Na_FormC20_cell_21_channel_29.hdf5,hdf5,C20Form,16.22,/Users/pranavdevkar/Downloads/Na_upscaling_extracted/Na-upscaling/C20Form/Na_FormC20_cell_21_channel_29.hdf5
22,15.0,22.0,Na_FormC20_cell_22_channel_25.hdf5,hdf5,C20Form,28.7,/Users/pranavdevkar/Downloads/Na_upscaling_extracted/Na-upscaling/C20Form/Na_FormC20_cell_22_channel_25.hdf5
23,17.0,24.0,Na_FormC20_cell_24_channel_37.hdf5,hdf5,C20Form,20.17,/Users/pranavdevkar/Downloads/Na_upscaling_extracted/Na-upscaling/C20Form/Na_FormC20_cell_24_channel_37.hdf5
24,19.0,26.0,Na_FormC20_cell_26_channel_40.hdf5,hdf5,C20Form,104.88,/Users/pranavdevkar/Downloads/Na_upscaling_extracted/Na-upscaling/C20Form/Na_FormC20_cell_26_channel_40.hdf5
25,2.0,2.0,Na_FormC20_cell_2_channel_6.hdf5,hdf5,C20Form,16.79,/Users/pranavdevkar/Downloads/Na_upscaling_extracted/Na-upscaling/C20Form/Na_FormC20_cell_2_channel_6.hdf5
26,26.0,35.0,Na_FormC20_cell_35_channel_12.hdf5,hdf5,C20Form,15.82,/Users/pranavdevkar/Downloads/Na_upscaling_extracted/Na-upscaling/C20Form/Na_FormC20_cell_35_channel_12.hdf5
27,28.0,37.0,Na_FormC20_cell_37_channel_9.hdf5,hdf5,C20Form,17.32,/Users/pranavdevkar/Downloads/Na_upscaling_extracted/Na-upscaling/C20Form/Na_FormC20_cell_37_channel_9.hdf5
28,29.0,38.0,Na_FormC20_cell_38_channel_1.hdf5,hdf5,C20Form,21.81,/Users/pranavdevkar/Downloads/Na_upscaling_extracted/Na-upscaling/C20Form/Na_FormC20_cell_38_channel_1.hdf5
29,3.0,4.0,Na_FormC20_cell_4_channel_36.hdf5,hdf5,C20Form,18.65,/Users/pranavdevkar/Downloads/Na_upscaling_extracted/Na-upscaling/C20Form/Na_FormC20_cell_4_channel_36.hdf5
30,35.0,50.0,Na_FormC20_cell_50_channel_16.hdf5,hdf5,C20Form,16.22,/Users/pranavdevkar/Downloads/Na_upscaling_extracted/Na-upscaling/C20Form/Na_FormC20_cell_50_channel_16.hdf5
31,5.0,7.0,Na_FormC20_cell_7_channel_34.hdf5,hdf5,C20Form,26.13,/Users/pranavdevkar/Downloads/Na_upscaling_extracted/Na-upscaling/C20Form/Na_FormC20_cell_7_channel_34.hdf5
32,1.0,1.0,Na_FormC20_cell_batch2_1_channel_28.hdf5,hdf5,C20Form,58.13,/Users/pranavdevkar/Downloads/Na_upscaling_extracted/Na-upscaling/C20Form/Na_FormC20_cell_batch2_1_channel_28.hdf5
33,18.0,25.0,Na_FormC20_cell_batch2_25_channel_15.hdf5,hdf5,C20Form,24.3,/Users/pranavdevkar/Downloads/Na_upscaling_extracted/Na-upscaling/C20Form/Na_FormC20_cell_batch2_25_channel_15.hdf5
34,20.0,27.0,Na_FormC20_cell_batch2_27_channel_23.hdf5,hdf5,C20Form,18.86,/Users/pranavdevkar/Downloads/Na_upscaling_extracted/Na-upscaling/C20Form/Na_FormC20_cell_batch2_27_channel_23.hdf5
35,21.0,28.0,Na_FormC20_cell_batch2_28_channel_14.hdf5,hdf5,C20Form,26.71,/Users/pranavdevkar/Downloads/Na_upscaling_extracted/Na-upscaling/C20Form/Na_FormC20_cell_batch2_28_channel_14.hdf5
36,25.0,34.0,Na_FormC20_cell_batch2_34_channel_39.hdf5,hdf5,C20Form,92.23,/Users/pranavdevkar/Downloads/Na_upscaling_extracted/Na-upscaling/C20Form/Na_FormC20_cell_batch2_34_channel_39.hdf5
37,27.0,36.0,Na_FormC20_cell_batch2_36_channel_31.hdf5,hdf5,C20Form,5.73,/Users/pranavdevkar/Downloads/Na_upscaling_extracted/Na-upscaling/C20Form/Na_FormC20_cell_batch2_36_channel_31.hdf5
38,31.0,41.0,Na_FormC20_cell_batch2_41_channel_37.hdf5,hdf5,C20Form,20.44,/Users/pranavdevkar/Downloads/Na_upscaling_extracted/Na-upscaling/C20Form/Na_FormC20_cell_batch2_41_channel_37.hdf5
39,33.0,43.0,Na_FormC20_cell_batch2_43_channel_36.hdf5,hdf5,C20Form,17.49,/Users/pranavdevkar/Downloads/Na_upscaling_extracted/Na-upscaling/C20Form/Na_FormC20_cell_batch2_43_channel_36.hdf5
40,34.0,49.0,Na_FormC20_cell_batch2_49_channel_38.hdf5,hdf5,C20Form,10.54,/Users/pranavdevkar/Downloads/Na_upscaling_extracted/Na-upscaling/C20Form/Na_FormC20_cell_batch2_49_channel_38.hdf5
41,36.0,54.0,Na_FormC20_cell_batch2_54_channel_47.hdf5,hdf5,C20Form,44.24,/Users/pranavdevkar/Downloads/Na_upscaling_extracted/Na-upscaling/C20Form/Na_FormC20_cell_batch2_54_channel_47.hdf5
42,26.0,35.0,test_12_cell35_C20Form_23-02-22_Channel_12_Wb_1.CSV,csv,test_12_cell35_C20Form_23-02-22_2023_02_22_161439,19.29,/Users/pranavdevkar/Downloads/Na_upscaling_extracted/Na-upscaling/C20Form/test_12_cell35_C20Form_23-02-22_2023_02_22_161439/test_12_cell35_C20Form_23-02-22_Channel_12_Wb_1.CSV
43,21.0,28.0,test_14_cell28_C20Form_23-02-24_Channel_14_Wb_1.CSV,csv,test_14_cell28_C20Form_23-02-24_2023_02_24_143639,34.38,/Users/pranavdevkar/Downloads/Na_upscaling_extracted/Na-upscaling/C20Form/test_14_cell28_C20Form_23-02-24_2023_02_24_143639/test_14_cell28_C20Form_23-02-24_Channel_14_Wb_1.CSV
44,18.0,25.0,test_15_cell25_C20Form_23-02-24_Channel_15_Wb_1.CSV,csv,test_15_cell25_C20Form_23-02-24_2023_02_24_143703,31.03,/Users/pranavdevkar/Downloads/Na_upscaling_extracted/Na-upscaling/C20Form/test_15_cell25_C20Form_23-02-24_2023_02_24_143703/test_15_cell25_C20Form_23-02-24_Channel_15_Wb_1.CSV
45,35.0,50.0,test_16_cell50_C20Form_23-02-24_Channel_16_Wb_1.CSV,csv,test_16_cell50_C20Form_23-02-24_2023_02_24_143718,19.77,/Users/pranavdevkar/Downloads/Na_upscaling_extracted/Na-upscaling/C20Form/test_16_cell50_C20Form_23-02-24_2023_02_24_143718/test_16_cell50_C20Form_23-02-24_Channel_16_Wb_1.CSV
46,29.0,38.0,test_1_cell38_C20Form_23-02-22_Channel_1_Wb_1.CSV,csv,test_1_cell38_C20Form_23-02-22_2023_02_22_161406,27.61,/Users/pranavdevkar/Downloads/Na_upscaling_extracted/Na-upscaling/C20Form/test_1_cell38_C20Form_23-02-22_2023_02_22_161406/test_1_cell38_C20Form_23-02-22_Channel_1_Wb_1.CSV
47,20.0,27.0,test_23_cell27_C20FOrm_23-02-22_Channel_23_Wb_1.CSV,csv,test_23_cell27_C20FOrm_23-02-22_2023_02_22_095431,23.53,/Users/pranavdevkar/Downloads/Na_upscaling_extracted/Na-upscaling/C20Form/test_23_cell27_C20FOrm_23-02-22_2023_02_22_095431/test_23_cell27_C20FOrm_23-02-22_Channel_23_Wb_1.CSV
48,15.0,22.0,test_25_cell22_C20FOrm_23-02-22_Channel_25_Wb_1.CSV,csv,test_25_cell22_C20FOrm_23-02-22_2023_02_22_095519,37.11,/Users/pranavdevkar/Downloads/Na_upscaling_extracted/Na-upscaling/C20Form/test_25_cell22_C20FOrm_23-02-22_2023_02_22_095519/test_25_cell22_C20FOrm_23-02-22_Channel_25_Wb_1.CSV
49,12.0,18.0,test_26_cell18_C20FOrm_23-02-22_Channel_26_Wb_1.CSV,csv,test_26_cell18_C20FOrm_23-02-22_2023_02_22_095541,17.53,/Users/pranavdevkar/Downloads/Na_upscaling_extracted/Na-upscaling/C20Form/test_26_cell18_C20FOrm_23-02-22_2023_02_22_095541/test_26_cell18_C20FOrm_23-02-22_Channel_26_Wb_1.CSV
50,1.0,1.0,test_28_cell1_C20FOrm_23-02-22_Channel_28_Wb_1.CSV,csv,test_28_cell1_C20FOrm_23-02-22_2023_02_22_095609,77.87,/Users/pranavdevkar/Downloads/Na_upscaling_extracted/Na-upscaling/C20Form/test_28_cell1_C20FOrm_23-02-22_2023_02_22_095609/test_28_cell1_C20FOrm_23-02-22_Channel_28_Wb_1.CSV
51,14.0,21.0,test_29_cell21_C20FOrm_23-02-22_Channel_29_Wb_1.CSV,csv,test_29_cell21_C20FOrm_23-02-22_2023_02_22_095625,19.84,/Users/pranavdevkar/Downloads/Na_upscaling_extracted/Na-upscaling/C20Form/test_29_cell21_C20FOrm_23-02-22_2023_02_22_095625/test_29_cell21_C20FOrm_23-02-22_Channel_29_Wb_1.CSV
52,8.0,12.0,test_30_cell12_C20FOrm_23-02-22_Channel_30_Wb_1.CSV,csv,test_30_cell12_C20FOrm_23-02-22_2023_02_22_095644,20.46,/Users/pranavdevkar/Downloads/Na_upscaling_extracted/Na-upscaling/C20Form/test_30_cell12_C20FOrm_23-02-22_2023_02_22_095644/test_30_cell12_C20FOrm_23-02-22_Channel_30_Wb_1.CSV
53,6.0,10.0,test_31_cell10_C20FOrm_23-02-22_Channel_31_Wb_1.CSV,csv,test_31_cell10_C20FOrm_23-02-22_2023_02_22_095656,21.99,/Users/pranavdevkar/Downloads/Na_upscaling_extracted/Na-upscaling/C20Form/test_31_cell10_C20FOrm_23-02-22_2023_02_22_095656/test_31_cell10_C20FOrm_23-02-22_Channel_31_Wb_1.CSV
54,27.0,36.0,test_31_cell36_C20Form_23-02-17_Channel_31_Wb_1.CSV,csv,test_31_cell36_C20Form_23-02-17_2023_02_17_124605,5.58,/Users/pranavdevkar/Downloads/Na_upscaling_extracted/Na-upscaling/C20Form/test_31_cell36_C20Form_23-02-17_2023_02_17_124605/test_31_cell36_C20Form_23-02-17_Channel_31_Wb_1.CSV
55,9.0,14.0,test_32_cell14_C20FOrm_23-02-22_Channel_32_Wb_1.CSV,csv,test_32_cell14_C20FOrm_23-02-22_2023_02_22_095711,18.67,/Users/pranavdevkar/Downloads/Na_upscaling_extracted/Na-upscaling/C20Form/test_32_cell14_C20FOrm_23-02-22_2023_02_22_095711/test_32_cell14_C20FOrm_23-02-22_Channel_32_Wb_1.CSV
56,13.0,19.0,test_33_cell19_C20FOrm_23-02-22_Channel_33_Wb_1.CSV,csv,test_33_cell19_C20FOrm_23-02-22_2023_02_22_095722,47.3,/Users/pranavdevkar/Downloads/Na_upscaling_extracted/Na-upscaling/C20Form/test_33_cell19_C20FOrm_23-02-22_2023_02_22_095722/test_33_cell19_C20FOrm_23-02-22_Channel_33_Wb_1.CSV
57,5.0,7.0,test_34_cell7_C20FOrm_23-02-22_Channel_34_Wb_1.CSV,csv,test_34_cell7_C20FOrm_23-02-22_2023_02_22_095735,33.55,/Users/pranavdevkar/Downloads/Na_upscaling_extracted/Na-upscaling/C20Form/test_34_cell7_C20FOrm_23-02-22_2023_02_22_095735/test_34_cell7_C20FOrm_23-02-22_Channel_34_Wb_1.CSV
58,33.0,43.0,test_36_cell43_C20Form_23-02-17_Channel_36_Wb_1.CSV,csv,test_36_cell43_C20Form_23-02-17_2023_02_17_123849,21.6,/Users/pranavdevkar/Downloads/Na_upscaling_extracted/Na-upscaling/C20Form/test_36_cell43_C20Form_23-02-17_2023_02_17_123849/test_36_cell43_C20Form_23-02-17_Channel_36_Wb_1.CSV
59,3.0,4.0,test_36_cell4_C20FOrm_23-02-22_Channel_36_Wb_1.CSV,csv,test_36_cell4_C20FOrm_23-02-22_2023_02_22_095811,23.12,/Users/pranavdevkar/Downloads/Na_upscaling_extracted/Na-upscaling/C20Form/test_36_cell4_C20FOrm_23-02-22_2023_02_22_095811/test_36_cell4_C20FOrm_23-02-22_Channel_36_Wb_1.CSV
60,17.0,24.0,test_37_cell24_C20FOrm_23-02-22_Channel_37_Wb_1.CSV,csv,test_37_cell24_C20FOrm_23-02-22_2023_02_22_095824,25.34,/Users/pranavdevkar/Downloads/Na_upscaling_extracted/Na-upscaling/C20Form/test_37_cell24_C20FOrm_23-02-22_2023_02_22_095824/test_37_cell24_C20FOrm_23-02-22_Channel_37_Wb_1.CSV
61,31.0,41.0,test_37_cell41_C20Form_23-02-17_Channel_37_Wb_1.CSV,csv,test_37_cell41_C20Form_23-02-17_2023_02_17_123906,25.69,/Users/pranavdevkar/Downloads/Na_upscaling_extracted/Na-upscaling/C20Form/test_37_cell41_C20Form_23-02-17_2023_02_17_123906/test_37_cell41_C20Form_23-02-17_Channel_37_Wb_1.CSV
62,10.0,16.0,test_38_cell16_C20FOrm_23-02-22_Channel_38_Wb_1.CSV,csv,test_38_cell16_C20FOrm_23-02-22_2023_02_22_095839,30.51,/Users/pranavdevkar/Downloads/Na_upscaling_extracted/Na-upscaling/C20Form/test_38_cell16_C20FOrm_23-02-22_2023_02_22_095839/test_38_cell16_C20FOrm_23-02-22_Channel_38_Wb_1.CSV
63,22.0,29.0,test_38_cell29_C20Form_23-02-17_Channel_38_Wb_1.CSV,csv,test_38_cell29_C20Form_23-02-17_2023_02_17_123920,12.1,/Users/pranavdevkar/Downloads/Na_upscaling_extracted/Na-upscaling/C20Form/test_38_cell29_C20Form_23-02-17_2023_02_17_123920/test_38_cell29_C20Form_23-02-17_Channel_38_Wb_1.CSV
64,25.0,34.0,test_39_cell34_C20Form_23-02-17_Channel_39_Wb_1.CSV,csv,test_39_cell34_C20Form_23-02-17_2023_02_17_123938,114.94,/Users/pranavdevkar/Downloads/Na_upscaling_extracted/Na-upscaling/C20Form/test_39_cell34_C20Form_23-02-17_2023_02_17_123938/test_39_cell34_C20Form_23-02-17_Channel_39_Wb_1.CSV
65,25.0,34.0,test_39_cell34_C20Form_23-02-17_Channel_39_Wb_2.CSV,csv,test_39_cell34_C20Form_23-02-17_2023_02_17_123938,9.46,/Users/pranavdevkar/Downloads/Na_upscaling_extracted/Na-upscaling/C20Form/test_39_cell34_C20Form_23-02-17_2023_02_17_123938/test_39_cell34_C20Form_23-02-17_Channel_39_Wb_2.CSV
66,19.0,26.0,test_40_cell26_C20Form_23-02-17_Channel_40_Wb_1.CSV,csv,test_40_cell26_C20Form_23-02-17_2023_02_17_123956,115.54,/Users/pranavdevkar/Downloads/Na_upscaling_extracted/Na-upscaling/C20Form/test_40_cell26_C20Form_23-02-17_2023_02_17_123956/test_40_cell26_C20Form_23-02-17_Channel_40_Wb_1.CSV
67,19.0,26.0,test_40_cell26_C20Form_23-02-17_Channel_40_Wb_2.CSV,csv,test_40_cell26_C20Form_23-02-17_2023_02_17_123956,27.32,/Users/pranavdevkar/Downloads/Na_upscaling_extracted/Na-upscaling/C20Form/test_40_cell26_C20Form_23-02-17_2023_02_17_123956/test_40_cell26_C20Form_23-02-17_Channel_40_Wb_2.CSV
68,36.0,54.0,test_47_cell54_C20Form_23-02-22_Channel_47_Wb_1.CSV,csv,test_47_cell54_C20Form_23-02-22_2023_02_22_161151,58.6,/Users/pranavdevkar/Downloads/Na_upscaling_extracted/Na-upscaling/C20Form/test_47_cell54_C20Form_23-02-22_2023_02_22_161151/test_47_cell54_C20Form_23-02-22_Channel_47_Wb_1.CSV
69,2.0,2.0,test_6_cell2_C20Form_23-02-22_Channel_6_Wb_1.CSV,csv,test_6_cell2_C20Form_23-02-22_2023_02_22_161425,20.64,/Users/pranavdevkar/Downloads/Na_upscaling_extracted/Na-upscaling/C20Form/test_6_cell2_C20Form_23-02-22_2023_02_22_161425/test_6_cell2_C20Form_23-02-22_Channel_6_Wb_1.CSV
70,28.0,37.0,test_9_cell37_C20Form_23-02-22_Channel_9_Wb_1.CSV,csv,test_9_cell37_C20Form_23-02-22_2023_02_22_194005,21.39,/Users/pranavdevkar/Downloads/Na_upscaling_extracted/Na-upscaling/C20Form/test_9_cell37_C20Form_23-02-22_2023_02_22_194005/test_9_cell37_C20Form_23-02-22_Channel_9_Wb_1.CSV
71,57.0,121.0,Na_C20FormC2Cycle_cell_121_channel_31.hdf5,hdf5,C20Formation C2 Cycle,72.83,/Users/pranavdevkar/Downloads/Na_upscaling_extracted/Na-upscaling/C20Formation C2 Cycle/Na_C20FormC2Cycle_cell_121_channel_31.hdf5
72,44.0,68.0,Na_C20FormC2Cycle_cell_68_channel_25.hdf5,hdf5,C20Formation C2 Cycle,25.27,/Users/pranavdevkar/Downloads/Na_upscaling_extracted/Na-upscaling/C20Formation C2 Cycle/Na_C20FormC2Cycle_cell_68_channel_25.hdf5
73,45.0,69.0,Na_C20FormC2Cycle_cell_69_channel_24.hdf5,hdf5,C20Formation C2 Cycle,20.27,/Users/pranavdevkar/Downloads/Na_upscaling_extracted/Na-upscaling/C20Formation C2 Cycle/Na_C20FormC2Cycle_cell_69_channel_24.hdf5
74,49.0,78.0,Na_C20FormC2Cycle_cell_78_channel_47.hdf5,hdf5,C20Formation C2 Cycle,19.52,/Users/pranavdevkar/Downloads/Na_upscaling_extracted/Na-upscaling/C20Formation C2 Cycle/Na_C20FormC2Cycle_cell_78_channel_47.hdf5
75,50.0,86.0,Na_C20FormC2Cycle_cell_86_channel_24.hdf5,hdf5,C20Formation C2 Cycle,34.62,/Users/pranavdevkar/Downloads/Na_upscaling_extracted/Na-upscaling/C20Formation C2 Cycle/Na_C20FormC2Cycle_cell_86_channel_24.hdf5
76,53.0,93.0,Na_C20FormC2Cycle_cell_93_channel_41.hdf5,hdf5,C20Formation C2 Cycle,18.14,/Users/pranavdevkar/Downloads/Na_upscaling_extracted/Na-upscaling/C20Formation C2 Cycle/Na_C20FormC2Cycle_cell_93_channel_41.hdf5
77,54.0,94.0,Na_C20FormC2Cycle_cell_94_channel_42.hdf5,hdf5,C20Formation C2 Cycle,15.88,/Users/pranavdevkar/Downloads/Na_upscaling_extracted/Na-upscaling/C20Formation C2 Cycle/Na_C20FormC2Cycle_cell_94_channel_42.hdf5
78,55.0,95.0,Na_C20FormC2Cycle_cell_95_channel_43.hdf5,hdf5,C20Formation C2 Cycle,17.16,/Users/pranavdevkar/Downloads/Na_upscaling_extracted/Na-upscaling/C20Formation C2 Cycle/Na_C20FormC2Cycle_cell_95_channel_43.hdf5
79,45.0,69.0,test_24_cell69_C20Form_C2Cycle_23-03-02_Channel_24_Wb_1.CSV,csv,test_24_cell69_C20Form_C2Cycle_23-03-02_2023_03_02_150956,25.84,/Users/pranavdevkar/Downloads/Na_upscaling_extracted/Na-upscaling/C20Formation C2 Cycle/test_24_cell69_C20Form_C2Cycle_23-03-02_2023_03_02_150956/test_24_cell69_C20Form_C2Cycle_23-03-02_Channel_24_Wb_1.CSV
80,50.0,86.0,test_24_cell86_C20Form_C2Cycle_23-03-09_Channel_24_Wb_1.CSV,csv,test_24_cell86_C20Form_C2Cycle_23-03-09_2023_03_09_123431,45.86,/Users/pranavdevkar/Downloads/Na_upscaling_extracted/Na-upscaling/C20Formation C2 Cycle/test_24_cell86_C20Form_C2Cycle_23-03-09_2023_03_09_123431/test_24_cell86_C20Form_C2Cycle_23-03-09_Channel_24_Wb_1.CSV
81,44.0,68.0,test_25_cell68_C20Form_C2Cycle_23-03-02_Channel_25_Wb_1.CSV,csv,test_25_cell68_C20Form_C2Cycle_23-03-02_2023_03_02_151011,32.89,/Users/pranavdevkar/Downloads/Na_upscaling_extracted/Na-upscaling/C20Formation C2 Cycle/test_25_cell68_C20Form_C2Cycle_23-03-02_2023_03_02_151011/test_25_cell68_C20Form_C2Cycle_23-03-02_Channel_25_Wb_1.CSV
82,57.0,121.0,test_31_cell121_C20Form_C2Cycle_23-03-09_Channel_31_Wb_1.CSV,csv,test_31_cell121_C20Form_C2Cycle_23-03-09_2023_03_09_123533,98.45,/Users/pranavdevkar/Downloads/Na_upscaling_extracted/Na-upscaling/C20Formation C2 Cycle/test_31_cell121_C20Form_C2Cycle_23-03-09_2023_03_09_123533/test_31_cell121_C20Form_C2Cycle_23-03-09_Channel_31_Wb_1.CSV
83,,,test_41_cel93_C20Form_C2Cycle_23-03-13_Channel_41_Wb_1.CSV,csv,test_41_cel93_C20Form_C2Cycle_23-03-13_2023_03_13_174558,22.88,/Users/pranavdevkar/Downloads/Na_upscaling_extracted/Na-upscaling/C20Formation C2 Cycle/test_41_cel93_C20Form_C2Cycle_23-03-13_2023_03_13_174558/test_41_cel93_C20Form_C2Cycle_23-03-13_Channel_41_Wb_1.CSV
84,,,test_42_cel94_C20Form_C2Cycle_23-03-13_Channel_42_Wb_1.CSV,csv,test_42_cel94_C20Form_C2Cycle_23-03-13_2023_03_13_174610,19.57,/Users/pranavdevkar/Downloads/Na_upscaling_extracted/Na-upscaling/C20Formation C2 Cycle/test_42_cel94_C20Form_C2Cycle_23-03-13_2023_03_13_174610/test_42_cel94_C20Form_C2Cycle_23-03-13_Channel_42_Wb_1.CSV
85,55.0,95.0,test_43_cell95_C20Form_C2Cycle_23-03-13_Channel_43_Wb_1.CSV,csv,test_43_cell95_C20Form_C2Cycle_23-03-13_2023_03_13_174627,21.38,/Users/pranavdevkar/Downloads/Na_upscaling_extracted/Na-upscaling/C20Formation C2 Cycle/test_43_cell95_C20Form_C2Cycle_23-03-13_2023_03_13_174627/test_43_cell95_C20Form_C2Cycle_23-03-13_Channel_43_Wb_1.CSV
86,49.0,78.0,test_47_cell78_C20Form_C2Cycle_23-03-09_Channel_47_Wb_1.CSV,csv,test_47_cell78_C20Form_C2Cycle_23-03-09_2023_03_09_122319,24.39,/Users/pranavdevkar/Downloads/Na_upscaling_extracted/Na-upscaling/C20Formation C2 Cycle/test_47_cell78_C20Form_C2Cycle_23-03-09_2023_03_09_122319/test_47_cell78_C20Form_C2Cycle_23-03-09_Channel_47_Wb_1.CSV
87,7.0,11.0,Na_Crate_cell_11_channel_20.hdf5,hdf5,Crate Tests,159.48,/Users/pranavdevkar/Downloads/Na_upscaling_extracted/Na-upscaling/Crate Tests/Na_Crate_cell_11_channel_20.hdf5
88,23.0,30.0,Na_Crate_cell_30_channel_21.hdf5,hdf5,Crate Tests,59.46,/Users/pranavdevkar/Downloads/Na_upscaling_extracted/Na-upscaling/Crate Tests/Na_Crate_cell_30_channel_21.hdf5
89,30.0,40.0,Na_Crate_cell_40_channel_22.hdf5,hdf5,Crate Tests,64.16,/Users/pranavdevkar/Downloads/Na_upscaling_extracted/Na-upscaling/Crate Tests/Na_Crate_cell_40_channel_22.hdf5
90,38.0,58.0,Na_Crate_cell_58_channel_36.hdf5,hdf5,Crate Tests,104.04,/Users/pranavdevkar/Downloads/Na_upscaling_extracted/Na-upscaling/Crate Tests/Na_Crate_cell_58_channel_36.hdf5
91,39.0,60.0,Na_Crate_cell_60_channel_35.hdf5,hdf5,Crate Tests,74.75,/Users/pranavdevkar/Downloads/Na_upscaling_extracted/Na-upscaling/Crate Tests/Na_Crate_cell_60_channel_35.hdf5
92,40.0,63.0,Na_Crate_cell_63_channel_32.hdf5,hdf5,Crate Tests,44.73,/Users/pranavdevkar/Downloads/Na_upscaling_extracted/Na-upscaling/Crate Tests/Na_Crate_cell_63_channel_32.hdf5
93,41.0,65.0,Na_Crate_cell_65_channel_31.hdf5,hdf5,Crate Tests,37.92,/Users/pranavdevkar/Downloads/Na_upscaling_extracted/Na-upscaling/Crate Tests/Na_Crate_cell_65_channel_31.hdf5
94,48.0,74.0,Na_Crate_cell_74_channel_39.hdf5,hdf5,Crate Tests,23.26,/Users/pranavdevkar/Downloads/Na_upscaling_extracted/Na-upscaling/Crate Tests/Na_Crate_cell_74_channel_39.hdf5
95,56.0,97.0,Na_Crate_cell_97_channel_30.hdf5,hdf5,Crate Tests,17.82,/Users/pranavdevkar/Downloads/Na_upscaling_extracted/Na-upscaling/Crate Tests/Na_Crate_cell_97_channel_30.hdf5
96,7.0,11.0,test_20_cell11_CrateTestC20Form_23-02-22_Channel_20_Wb_1.CSV,csv,test_20_cell11_CrateTestC20Form_23-02-22_2023_02_22_095153,114.0,/Users/pranavdevkar/Downloads/Na_upscaling_extracted/Na-upscaling/Crate Tests/test_20_cell11_CrateTestC20Form_23-02-22_2023_02_22_095153/test_20_cell11_CrateTestC20Form_23-02-22_Channel_20_Wb_1.CSV
97,7.0,11.0,test_20_cell11_CrateTestC20Form_23-02-22_Channel_20_Wb_2.CSV,csv,test_20_cell11_CrateTestC20Form_23-02-22_2023_02_22_095153,105.08,/Users/pranavdevkar/Downloads/Na_upscaling_extracted/Na-upscaling/Crate Tests/test_20_cell11_CrateTestC20Form_23-02-22_2023_02_22_095153/test_20_cell11_CrateTestC20Form_23-02-22_Channel_20_Wb_2.CSV
98,23.0,30.0,test_21_cell30_CrateTestC20Form_23-02-22_Channel_21_Wb_1.CSV,csv,test_21_cell30_CrateTestC20Form_23-02-22_2023_02_22_095216,80.59,/Users/pranavdevkar/Downloads/Na_upscaling_extracted/Na-upscaling/Crate Tests/test_21_cell30_CrateTestC20Form_23-02-22_2023_02_22_095216/test_21_cell30_CrateTestC20Form_23-02-22_Channel_21_Wb_1.CSV
99,30.0,40.0,test_22_cell40_CrateTestC20Form_23-02-22_Channel_22_Wb_1.CSV,csv,test_22_cell40_CrateTestC20Form_23-02-22_2023_02_22_095234,86.99,/Users/pranavdevkar/Downloads/Na_upscaling_extracted/Na-upscaling/Crate Tests/test_22_cell40_CrateTestC20Form_23-02-22_2023_02_22_095234/test_22_cell40_CrateTestC20Form_23-02-22_Channel_22_Wb_1.CSV
100,56.0,97.0,test_30_cell97_CrateTestC20Form_23-03-14_Channel_30_Wb_1.CSV,csv,test_30_cell97_CrateTestC20Form_23-03-14_2023_03_14_164600,23.75,/Users/pranavdevkar/Downloads/Na_upscaling_extracted/Na-upscaling/Crate Tests/test_30_cell97_CrateTestC20Form_23-03-14_2023_03_14_164600/test_30_cell97_CrateTestC20Form_23-03-14_Channel_30_Wb_1.CSV
101,41.0,65.0,test_31_cell65_CrateTestC20Form_23-03-03_Channel_31_Wb_1.CSV,csv,test_31_cell65_CrateTestC20Form_23-03-03_2023_03_03_143306,51.08,/Users/pranavdevkar/Downloads/Na_upscaling_extracted/Na-upscaling/Crate Tests/test_31_cell65_CrateTestC20Form_23-03-03_2023_03_03_143306/test_31_cell65_CrateTestC20Form_23-03-03_Channel_31_Wb_1.CSV
102,40.0,63.0,test_32_cell63_CrateTestC20Form_23-03-03_Channel_32_Wb_1.CSV,csv,test_32_cell63_CrateTestC20Form_23-03-03_2023_03_03_143326,60.41,/Users/pranavdevkar/Downloads/Na_upscaling_extracted/Na-upscaling/Crate Tests/test_32_cell63_CrateTestC20Form_23-03-03_2023_03_03_143326/test_32_cell63_CrateTestC20Form_23-03-03_Channel_32_Wb_1.CSV
103,39.0,60.0,test_35_cell60_CrateTestC20Form_23-03-03_Channel_35_Wb_1.CSV,csv,test_35_cell60_CrateTestC20Form_23-03-03_2023_03_03_143430,101.39,/Users/pranavdevkar/Downloads/Na_upscaling_extracted/Na-upscaling/Crate Tests/test_35_cell60_CrateTestC20Form_23-03-03_2023_03_03_143430/test_35_cell60_CrateTestC20Form_23-03-03_Channel_35_Wb_1.CSV
104,38.0,58.0,test_36_cell58_CrateTestC20Form_23-03-03_Channel_36_Wb_1.CSV,csv,test_36_cell58_CrateTestC20Form_23-03-03_2023_03_03_143508,113.92,/Users/pranavdevkar/Downloads/Na_upscaling_extracted/Na-upscaling/Crate Tests/test_36_cell58_CrateTestC20Form_23-03-03_2023_03_03_143508/test_36_cell58_CrateTestC20Form_23-03-03_Channel_36_Wb_1.CSV
105,38.0,58.0,test_36_cell58_CrateTestC20Form_23-03-03_Channel_36_Wb_2.CSV,csv,test_36_cell58_CrateTestC20Form_23-03-03_2023_03_03_143508,28.05,/Users/pranavdevkar/Downloads/Na_upscaling_extracted/Na-upscaling/Crate Tests/test_36_cell58_CrateTestC20Form_23-03-03_2023_03_03_143508/test_36_cell58_CrateTestC20Form_23-03-03_Channel_36_Wb_2.CSV
106,48.0,74.0,test_39_cell74_CrateTest_23-03-04_Channel_39_Wb_1.CSV,csv,test_39_cell74_CrateTest_23-03-04_2023_03_04_133648,28.52,/Users/pranavdevkar/Downloads/Na_upscaling_extracted/Na-upscaling/Crate Tests/test_39_cell74_CrateTest_23-03-04_2023_03_04_133648/test_39_cell74_CrateTest_23-03-04_Channel_39_Wb_1.CSV
107,62.0,138.0,Na_FormPulsedC58_138_channel_21.hdf5,hdf5,Pulsed Formation,58.14,/Users/pranavdevkar/Downloads/Na_upscaling_extracted/Na-upscaling/Pulsed Formation/Na_FormPulsedC58_138_channel_21.hdf5
108,63.0,139.0,Na_FormPulsedC58_139_channel_25.hdf5,hdf5,Pulsed Formation,55.46,/Users/pranavdevkar/Downloads/Na_upscaling_extracted/Na-upscaling/Pulsed Formation/Na_FormPulsedC58_139_channel_25.hdf5
109,64.0,140.0,Na_FormPulsedC58_140_channel_27.hdf5,hdf5,Pulsed Formation,59.72,/Users/pranavdevkar/Downloads/Na_upscaling_extracted/Na-upscaling/Pulsed Formation/Na_FormPulsedC58_140_channel_27.hdf5
110,47.0,71.0,Na_FormPulsedC58_71_channel_29.hdf5,hdf5,Pulsed Formation,132.03,/Users/pranavdevkar/Downloads/Na_upscaling_extracted/Na-upscaling/Pulsed Formation/Na_FormPulsedC58_71_channel_29.hdf5
111,52.0,90.0,Na_FormPulsedC58_90_channel_32.hdf5,hdf5,Pulsed Formation,59.25,/Users/pranavdevkar/Downloads/Na_upscaling_extracted/Na-upscaling/Pulsed Formation/Na_FormPulsedC58_90_channel_32.hdf5
112,11.0,17.0,Na_FormPulsedC58_cell_17_channel_44.hdf5,hdf5,Pulsed Formation,49.95,/Users/pranavdevkar/Downloads/Na_upscaling_extracted/Na-upscaling/Pulsed Formation/Na_FormPulsedC58_cell_17_channel_44.hdf5
113,16.0,23.0,Na_FormPulsedC58_cell_23_channel_43.hdf5,hdf5,Pulsed Formation,57.93,/Users/pranavdevkar/Downloads/Na_upscaling_extracted/Na-upscaling/Pulsed Formation/Na_FormPulsedC58_cell_23_channel_43.hdf5
114,24.0,33.0,Na_FormPulsedC58_cell_33_channel_42.hdf5,hdf5,Pulsed Formation,83.54,/Users/pranavdevkar/Downloads/Na_upscaling_extracted/Na-upscaling/Pulsed Formation/Na_FormPulsedC58_cell_33_channel_42.hdf5
115,32.0,42.0,Na_FormPulsedC58_cell_42_channel_26.hdf5,hdf5,Pulsed Formation,52.29,/Users/pranavdevkar/Downloads/Na_upscaling_extracted/Na-upscaling/Pulsed Formation/Na_FormPulsedC58_cell_42_channel_26.hdf5
116,34.0,49.0,Na_FormPulsedC58_cell_49_channel_27.hdf5,hdf5,Pulsed Formation,41.14,/Users/pranavdevkar/Downloads/Na_upscaling_extracted/Na-upscaling/Pulsed Formation/Na_FormPulsedC58_cell_49_channel_27.hdf5
117,34.0,49.0,Na_FormPulsedC58_cell_49_channel_41.hdf5,hdf5,Pulsed Formation,42.84,/Users/pranavdevkar/Downloads/Na_upscaling_extracted/Na-upscaling/Pulsed Formation/Na_FormPulsedC58_cell_49_channel_41.hdf5
118,37.0,57.0,Na_FormPulsedC58_cell_57_channel_28.hdf5,hdf5,Pulsed Formation,45.29,/Users/pranavdevkar/Downloads/Na_upscaling_extracted/Na-upscaling/Pulsed Formation/Na_FormPulsedC58_cell_57_channel_28.hdf5
119,42.0,66.0,Na_FormPulsedC58_cell_66_channel_27.hdf5,hdf5,Pulsed Formation,57.63,/Users/pranavdevkar/Downloads/Na_upscaling_extracted/Na-upscaling/Pulsed Formation/Na_FormPulsedC58_cell_66_channel_27.hdf5
120,4.0,6.0,Na_FormPulsedC58_cell_6_channel_42.hdf5,hdf5,Pulsed Formation,48.28,/Users/pranavdevkar/Downloads/Na_upscaling_extracted/Na-upscaling/Pulsed Formation/Na_FormPulsedC58_cell_6_channel_42.hdf5
121,51.0,89.0,Na_FormPulsedC58_cell_89_channel_30.hdf5,hdf5,Pulsed Formation,0.01,/Users/pranavdevkar/Downloads/Na_upscaling_extracted/Na-upscaling/Pulsed Formation/Na_FormPulsedC58_cell_89_channel_30.hdf5
122,62.0,138.0,test_21_cell138_PulsedC58Form_23-03-13_Channel_21_Wb_1.CSV,csv,test_21_cell138_PulsedC58Form_23-03-13_2023_03_13_174206,75.3,/Users/pranavdevkar/Downloads/Na_upscaling_extracted/Na-upscaling/Pulsed Formation/test_21_cell138_PulsedC58Form_23-03-13_2023_03_13_174206/test_21_cell138_PulsedC58Form_23-03-13_Channel_21_Wb_1.CSV
123,63.0,139.0,test_25_cell139_PulsedC58Form_23-03-13_Channel_25_Wb_1.CSV,csv,test_25_cell139_PulsedC58Form_23-03-13_2023_03_13_174220,71.42,/Users/pranavdevkar/Downloads/Na_upscaling_extracted/Na-upscaling/Pulsed Formation/test_25_cell139_PulsedC58Form_23-03-13_2023_03_13_174220/test_25_cell139_PulsedC58Form_23-03-13_Channel_25_Wb_1.CSV
124,32.0,42.0,test_26_cell42_PulsedC58Form_23-02-24_Channel_26_Wb_1.CSV,csv,test_26_cell42_PulsedC58Form_23-02-24_2023_02_24_143822,67.58,/Users/pranavdevkar/Downloads/Na_upscaling_extracted/Na-upscaling/Pulsed Formation/test_26_cell42_PulsedC58Form_23-02-24_2023_02_24_143822/test_26_cell42_PulsedC58Form_23-02-24_Channel_26_Wb_1.CSV
125,64.0,140.0,test_27_cell140_PulsedC58Form_23-03-13_Channel_27_Wb_1.CSV,csv,test_27_cell140_PulsedC58Form_23-03-13_2023_03_13_174233,77.48,/Users/pranavdevkar/Downloads/Na_upscaling_extracted/Na-upscaling/Pulsed Formation/test_27_cell140_PulsedC58Form_23-03-13_2023_03_13_174233/test_27_cell140_PulsedC58Form_23-03-13_Channel_27_Wb_1.CSV
126,34.0,49.0,test_27_cell49-_PulsedC58Form_23-02-24_Channel_27_Wb_1.CSV,csv,test_27_cell49-_PulsedC58Form_23-02-24_2023_02_24_143850,52.45,/Users/pranavdevkar/Downloads/Na_upscaling_extracted/Na-upscaling/Pulsed Formation/test_27_cell49-_PulsedC58Form_23-02-24_2023_02_24_143850/test_27_cell49-_PulsedC58Form_23-02-24_Channel_27_Wb_1.CSV
127,42.0,66.0,test_27_cell66_PulsedC58Form_23-03-03_Channel_27_Wb_1.CSV,csv,test_27_cell66_PulsedC58Form_23-03-03_2023_03_03_143000,74.91,/Users/pranavdevkar/Downloads/Na_upscaling_extracted/Na-upscaling/Pulsed Formation/test_27_cell66_PulsedC58Form_23-03-03_2023_03_03_143000/test_27_cell66_PulsedC58Form_23-03-03_Channel_27_Wb_1.CSV
128,37.0,57.0,test_28_cell57_PulsedC58Form_23-03-03_Channel_28_Wb_1.CSV,csv,test_28_cell57_PulsedC58Form_23-03-03_2023_03_03_143018,58.17,/Users/pranavdevkar/Downloads/Na_upscaling_extracted/Na-upscaling/Pulsed Formation/test_28_cell57_PulsedC58Form_23-03-03_2023_03_03_143018/test_28_cell57_PulsedC58Form_23-03-03_Channel_28_Wb_1.CSV
129,47.0,71.0,test_29_cell71_PulsedC58Form_23-03-03_Channel_29_Wb_1.CSV,csv,test_29_cell71_PulsedC58Form_23-03-03_2023_03_03_143037,112.15,/Users/pranavdevkar/Downloads/Na_upscaling_extracted/Na-upscaling/Pulsed Formation/test_29_cell71_PulsedC58Form_23-03-03_2023_03_03_143037/test_29_cell71_PulsedC58Form_23-03-03_Channel_29_Wb_1.CSV
130,47.0,71.0,test_29_cell71_PulsedC58Form_23-03-03_Channel_29_Wb_2.CSV,csv,test_29_cell71_PulsedC58Form_23-03-03_2023_03_03_143037,65.06,/Users/pranavdevkar/Downloads/Na_upscaling_extracted/Na-upscaling/Pulsed Formation/test_29_cell71_PulsedC58Form_23-03-03_2023_03_03_143037/test_29_cell71_PulsedC58Form_23-03-03_Channel_29_Wb_2.CSV
131,51.0,89.0,test_30_cell89_PulsedC58Form_23-03-13_Channel_30_Wb_1.CSV,csv,test_30_cell89_PulsedC58Form_23-03-13_2023_03_13_174306,0.0,/Users/pranavdevkar/Downloads/Na_upscaling_extracted/Na-upscaling/Pulsed Formation/test_30_cell89_PulsedC58Form_23-03-13_2023_03_13_174306/test_30_cell89_PulsedC58Form_23-03-13_Channel_30_Wb_1.CSV
132,52.0,90.0,test_32_cell90_PulsedC58Form_23-03-13_Channel_32_Wb_1.CSV,csv,test_32_cell90_PulsedC58Form_23-03-13_2023_03_13_174353,77.08,/Users/pranavdevkar/Downloads/Na_upscaling_extracted/Na-upscaling/Pulsed Formation/test_32_cell90_PulsedC58Form_23-03-13_2023_03_13_174353/test_32_cell90_PulsedC58Form_23-03-13_Channel_32_Wb_1.CSV
133,34.0,49.0,test_41_cell49_PulsedC58Form_23-02-24_Channel_41_Wb_1.CSV,csv,test_41_cell49_PulsedC58Form_23-02-24_2023_02_24_144055,54.63,/Users/pranavdevkar/Downloads/Na_upscaling_extracted/Na-upscaling/Pulsed Formation/test_41_cell49_PulsedC58Form_23-02-24_2023_02_24_144055/test_41_cell49_PulsedC58Form_23-02-24_Channel_41_Wb_1.CSV
134,24.0,33.0,test_42_cell33_PulsedC58Form_23-02-24_Channel_42_Wb_1.CSV,csv,test_42_cell33_PulsedC58Form_23-02-24_2023_02_24_144113,109.36,/Users/pranavdevkar/Downloads/Na_upscaling_extracted/Na-upscaling/Pulsed Formation/test_42_cell33_PulsedC58Form_23-02-24_2023_02_24_144113/test_42_cell33_PulsedC58Form_23-02-24_Channel_42_Wb_1.CSV
135,4.0,6.0,test_42_cell6_FormPulsedC58_23-02-22_Channel_42_Wb_1.CSV,csv,test_42_cell6_FormPulsedC58_23-02-22_2023_02_22_101129,61.96,/Users/pranavdevkar/Downloads/Na_upscaling_extracted/Na-upscaling/Pulsed Formation/test_42_cell6_FormPulsedC58_23-02-22_2023_02_22_101129/test_42_cell6_FormPulsedC58_23-02-22_Channel_42_Wb_1.CSV
136,16.0,23.0,test_43_cell23_FormPulsedC58_23-02-22_Channel_43_Wb_1.CSV,csv,test_43_cell23_FormPulsedC58_23-02-22_2023_02_22_101144,75.16,/Users/pranavdevkar/Downloads/Na_upscaling_extracted/Na-upscaling/Pulsed Formation/test_43_cell23_FormPulsedC58_23-02-22_2023_02_22_101144/test_43_cell23_FormPulsedC58_23-02-22_Channel_43_Wb_1.CSV
137,11.0,17.0,test_44_cell17_FormPulsedC58_23-02-22_Channel_44_Wb_1.CSV,csv,test_44_cell17_FormPulsedC58_23-02-22_2023_02_22_101355,64.33,/Users/pranavdevkar/Downloads/Na_upscaling_extracted/Na-upscaling/Pulsed Formation/test_44_cell17_FormPulsedC58_23-02-22_2023_02_22_101355/test_44_cell17_FormPulsedC58_23-02-22_Channel_44_Wb_1.CSV
